INSERT INTO users.users (id, email, first_name, last_name, password, role, username) VALUES (1, 'uni10@scs.ubbcluj.ro', 'UNI10', 'TEAM', '$2a$10$NAfQL9.l7bdR5Ry3Y.tEYejjEB9ptGH2nX5cmGwOrQnbpp99M0Isa', 0, 'uni10');
INSERT INTO users.users (id, email, first_name, last_name, password, role, username) VALUES (2, 'Dana.LUPSA@scs.ubbcluj.ro', 'Dana', 'LUPSA', '$2a$10$mJ.zYBBEkuXb8qofNu2rL.2tpUHiPLBIAeHU7yeom5e5INKH1edKi', 1, 'LUPSA Dana');
INSERT INTO users.users (id, email, first_name, last_name, password, role, username) VALUES (3, 'Virginia.NICULESCU@scs.ubbcluj.ro', 'Virginia', 'NICULESCU', '$2a$10$uERPT.sjsXdhgKc5w4FniOqiHwadXtiF/Lrcya6cMsX28NgFyzn2u', 1, 'NICULESCU Virginia');
INSERT INTO users.users (id, email, first_name, last_name, password, role, username) VALUES (4, 'Laura.DIOSAN@scs.ubbcluj.ro', 'Laura', 'DIOSAN', '$2a$10$3zVLVU5WkJ6W5OsXoE3iK.gFw7MPuMgvFO1R7Qgpg0aKucT.pLTge', 1, 'DIOSAN Laura');
INSERT INTO users.users (id, email, first_name, last_name, password, role, username) VALUES (5, 'Camelia.CHISALITA-CRETU@scs.ubbcluj.ro', 'Camelia', 'CHISALITA-CRETU', '$2a$10$ZCDB1kGsGJ6oKRlIgm7YXeGUXJE94LaqqEK3RvLx/pTcaRcgIlaiC', 1, 'CHISALITA-CRETU Camelia');
INSERT INTO users.users (id, email, first_name, last_name, password, role, username) VALUES (6, 'Paul.BLAGA@scs.ubbcluj.ro', 'Paul', 'BLAGA', '$2a$10$WJ4m/CRoyYqrEyj1bhUF1e/b4TMmxBdPl.cuQHFZ.8SYd5lOSBJLC', 1, 'BLAGA Paul');
INSERT INTO users.users (id, email, first_name, last_name, password, role, username) VALUES (7, 'Rares.BOIAN@scs.ubbcluj.ro', 'Rares', 'BOIAN', '$2a$10$EcCZY9MLtMKwD.MG8U2Sxu71jyyZUV.MTNB7MPcSmFIuDUFOjJAiC', 1, 'BOIAN Rares');
INSERT INTO users.users (id, email, first_name, last_name, password, role, username) VALUES (8, 'Adriana.GURAN@scs.ubbcluj.ro', 'Adriana', 'GURAN', '$2a$10$anc/6oL5L.RbHobhcsFZCuMOYj.4yAHLCNl4oEr4Ysc2rtq7IpbXe', 1, 'GURAN Adriana');
INSERT INTO users.users (id, email, first_name, last_name, password, role, username) VALUES (9, 'Vasile.PREJMEREAN@scs.ubbcluj.ro', 'Vasile', 'PREJMEREAN', '$2a$10$oNgyTBeUAgDXIaWa136kROpA6.gfLll.ETXnyptV9.C66Izo1Ia6u', 1, 'PREJMEREAN Vasile');
INSERT INTO users.users (id, email, first_name, last_name, password, role, username) VALUES (10, 'Radu.LUPSA@scs.ubbcluj.ro', 'Radu', 'LUPSA', '$2a$10$aIHJ4i3rFKJOGOrmeOE/Q.26sMOwjPxnylcaKvrSwNj5lIuEbQEyq', 1, 'LUPSA Radu');
INSERT INTO users.users (id, email, first_name, last_name, password, role, username) VALUES (11, 'Ioana.MAGDAS@scs.ubbcluj.ro', 'Ioana', 'MAGDAS', '$2a$10$/Bo6PdHTCxqTTRSnge6j.egMoTt0xewLriYVZz/S7n8y5jcaO73zG', 1, 'MAGDAS Ioana');
INSERT INTO users.users (id, email, first_name, last_name, password, role, username) VALUES (12, 'Mihai.SUCIU@scs.ubbcluj.ro', 'Mihai', 'SUCIU', '$2a$10$l9YyUJrSYbVx/AmB.UpUmOIrUhHhvY4aJIYh1w847YjagW.VUHoQ.', 1, 'SUCIU Mihai');
INSERT INTO users.users (id, email, first_name, last_name, password, role, username) VALUES (13, 'Adrian.STERCA@scs.ubbcluj.ro', 'Adrian', 'STERCA', '$2a$10$x5iT4D9usWshSoXR00MvjeOsUn8Ess/V9SK3bVre5IWvLInaIcJNW', 1, 'STERCA Adrian');
INSERT INTO users.users (id, email, first_name, last_name, password, role, username) VALUES (14, 'Ioan.LAZAR@scs.ubbcluj.ro', 'Ioan', 'LAZAR', '$2a$10$zV.RDd0fJtC7bP7Ywlq8CO52xpvTYmW1QZ23DS7vBuO3lxAGo6.oK', 1, 'LAZAR Ioan');
INSERT INTO users.users (id, email, first_name, last_name, password, role, username) VALUES (15, 'Simona.MOTOGNA@scs.ubbcluj.ro', 'Simona', 'MOTOGNA', '$2a$10$qRtDMayrzDm5oajcHhIXiuFZ.1LVnATyB7pPLoEqDtCt1H7e73xO6', 1, 'MOTOGNA Simona');
INSERT INTO users.users (id, email, first_name, last_name, password, role, username) VALUES (16, 'Dan.COJOCAR@scs.ubbcluj.ro', 'Dan', 'COJOCAR', '$2a$10$UxWbOOIjwy9dMyrsmWr/m.vomBQSWWEpPDdds4TRcEZgjzdEsXEri', 1, 'COJOCAR Dan');
INSERT INTO users.users (id, email, first_name, last_name, password, role, username) VALUES (17, 'Septimiu.CRIVEI@scs.ubbcluj.ro', 'Septimiu', 'CRIVEI', '$2a$10$Lcb4ahM40j5Ckjx.BvYc6uvmIGJwa8XvXtIcl0rLSYF1crevvuAZC', 1, 'CRIVEI Septimiu');
INSERT INTO users.users (id, email, first_name, last_name, password, role, username) VALUES (18, 'Bogdan.MURSA@scs.ubbcluj.ro', 'Bogdan', 'MURSA', '$2a$10$Vvo7x7PYbG02indaMLf8euVBJI6989V91ya.gf33LvxK3/Iq9ls7W', 2, 'MURSA Bogdan');
INSERT INTO users.users (id, email, first_name, last_name, password, role, username) VALUES (19, 'Andreea.POP@scs.ubbcluj.ro', 'Andreea', 'POP', '$2a$10$NyHJdYFdrvtah7kUVVFez.PRoT0v.U3.LuLooq4W/kIP6i9ivj6si', 2, 'POP Andreea');
INSERT INTO users.users (id, email, first_name, last_name, password, role, username) VALUES (20, 'Vasile.CIOBAN@scs.ubbcluj.ro', 'Vasile', 'CIOBAN', '$2a$10$LsePpXwf3UMbhwT8VLi7Bea0WpgzQM3ZwvIxMB.uDmLoncKrV7lLi', 2, 'CIOBAN Vasile');
INSERT INTO users.users (id, email, first_name, last_name, password, role, username) VALUES (21, 'Alexandru.LUNGANA-Niculescu@scs.ubbcluj.ro', 'Alexandru', 'LUNGANA-Niculescu', '$2a$10$uMkRsF1cjIO2mtO4pzptw.tPlSI.b/oym.YrUHyItdXTiYQ4PVZx6', 2, 'LUNGANA-Niculescu Alexandru');
INSERT INTO users.users (id, email, first_name, last_name, password, role, username) VALUES (22, 'Ioan.Sima@scs.ubbcluj.ro', 'Ioan', 'Sima', '$2a$10$xkSK8w1GCN1y2E55vAfI2uKf.n7TbT5M1YJ55RClPJcY8.SCcOuiq', 2, 'Sima Ioan');
INSERT INTO users.users (id, email, first_name, last_name, password, role, username) VALUES (23, 'Daniel.BOTA@scs.ubbcluj.ro', 'Daniel', 'BOTA', '$2a$10$B8xjNFtVLH4xKN7KXvac4u3U1.j.CyFkgOdr2Z7bROJmuGPFRYBAS', 2, 'BOTA Daniel');
INSERT INTO users.users (id, email, first_name, last_name, password, role, username) VALUES (24, 'Horea.MURESAN@scs.ubbcluj.ro', 'Horea', 'MURESAN', '$2a$10$VILpZas39awcMkTXrDxwAuBXibWVo9GLaauNg0hilLnRC81laETTa', 2, 'MURESAN Horea');
INSERT INTO users.users (id, email, first_name, last_name, password, role, username) VALUES (25, 'Daniel.TICLE@scs.ubbcluj.ro', 'Daniel', 'TICLE', '$2a$10$ITB0ZYzCw4/h4OFnEA3AdO.Jss6ILWFm/m5dV4B26DGDJ5zfYJZJW', 2, 'TICLE Daniel');
INSERT INTO users.users (id, email, first_name, last_name, password, role, username) VALUES (26, 'Alina.ENESCU@scs.ubbcluj.ro', 'Alina', 'ENESCU', '$2a$10$2LNnrO5M1OejWCyoZ.88r.s4XYGg6/PbxIFuf5PpUEfp6z9oNOFn2', 2, 'ENESCU Alina');
INSERT INTO users.users (id, email, first_name, last_name, password, role, username) VALUES (27, 'Paul.TIRBAN@scs.ubbcluj.ro', 'Paul', 'TIRBAN', '$2a$10$aIOTxPpdgWqv6utrvEy1a.sTHQrqUNT/URp/yhdFjQ8Xrtz/t6bQ.', 2, 'TIRBAN Paul');
INSERT INTO users.users (id, email, first_name, last_name, password, role, username) VALUES (28, 'G.Zecua@scs.ubbcluj.ro', 'G', 'Zecua', '$2a$10$pJjrjhfoAmpX6qVGIPmrjeeN/plAznBcOXL4fRbMD725TRmCf8X7K', 2, 'Zecua G');
INSERT INTO users.users (id, email, first_name, last_name, password, role, username) VALUES (29, 'Adrian.ROSIAN@scs.ubbcluj.ro', 'Adrian', 'ROSIAN', '$2a$10$LZScIjl0tDlWp1hPdWwdAuKHUZP8BBvhySs265iSoYfwpbpNJQQR.', 2, 'ROSIAN Adrian');
INSERT INTO users.users (id, email, first_name, last_name, password, role, username) VALUES (30, 'Vladiela.PETRASCU@scs.ubbcluj.ro', 'Vladiela', 'PETRASCU', '$2a$10$YckpKsQZsXPMsTKUdBe3wONjSQd8GKcGE9CGUrJB4qXKK9goZgDga', 2, 'PETRASCU Vladiela');
INSERT INTO users.users (id, email, first_name, last_name, password, role, username) VALUES (31, 'Radu.GHEORGHICA@scs.ubbcluj.ro', 'Radu', 'GHEORGHICA', '$2a$10$rf/Gn0ymAYtuqXQhcvEEYOuwCJV.iYUTZMxZuzCDF0rL0eEZHjnIe', 2, 'GHEORGHICA Radu');
INSERT INTO users.users (id, email, first_name, last_name, password, role, username) VALUES (32, 'Dana.CIUBANCAN@scs.ubbcluj.ro', 'Dana', 'CIUBANCAN', '$2a$10$4QdvJQUMqerwIa5filqiyOvOs95V9E1bSQx9T99mcPdgPohtDimda', 2, 'CIUBANCAN Dana');
INSERT INTO users.users (id, email, first_name, last_name, password, role, username) VALUES (33, 'Arnold.SZEDERJESI-DRAGOMIR@scs.ubbcluj.ro', 'Arnold', 'SZEDERJESI-DRAGOMIR', '$2a$10$NhzfQ0wwJ/Nv8YEr17t.ZuGb5fHOKodp1JiGYMYLziQs3wJrgrEE2', 2, 'SZEDERJESI-DRAGOMIR Arnold');
INSERT INTO users.users (id, email, first_name, last_name, password, role, username) VALUES (34, 'Ioan.MIRCEA@scs.ubbcluj.ro', 'Ioan', 'MIRCEA', '$2a$10$lxmQqkI9eX25TIbgSf/O4ertZ66cp9sUS9hRnA4xKeqKRDRGGycLa', 2, 'MIRCEA Ioan Gabriel');
INSERT INTO users.users (id, email, first_name, last_name, password, role, username) VALUES (35, 'Erhard.KIRNER@scs.ubbcluj.ro', 'Erhard', 'KIRNER', '$2a$10$GdxjrMOkMnRGntqAPlqVguLMUwLqYoXiub2oYc8coxXWfkYgI44rS', 2, 'KIRNER Erhard');
INSERT INTO users.users (id, email, first_name, last_name, password, role, username) VALUES (36, 'Attila.BARABAS@scs.ubbcluj.ro', 'Attila', 'BARABAS', '$2a$10$B4x1cTSae0c9fNwQDHl0uuiIOnZvYGs6lppfcs5reGlEhhefUmPiO', 2, 'BARABAS Attila');




INSERT INTO courses.subjects (id, name, teacher_id) VALUES (1, 'Limbaje formale si tehnici de compilare', 2);
INSERT INTO courses.subjects (id, name, teacher_id) VALUES (2, 'Programare paralela si distribuita', 3);
INSERT INTO courses.subjects (id, name, teacher_id) VALUES (3, 'Metode inteligente de rezolvare a problemelor reale', 4);
INSERT INTO courses.subjects (id, name, teacher_id) VALUES (4, 'Automatizarea proceselor de business', 5);
INSERT INTO courses.subjects (id, name, teacher_id) VALUES (5, 'Aplicatii ale geometriei in informatica', 6);
INSERT INTO courses.subjects (id, name, teacher_id) VALUES (6, 'Realitate virtuala', 7);
INSERT INTO courses.subjects (id, name, teacher_id) VALUES (7, 'Interactiunea om-calculator', 8);
INSERT INTO courses.subjects (id, name, teacher_id) VALUES (8, 'Prelucrarea imaginilor', 9);
INSERT INTO courses.subjects (id, name, teacher_id) VALUES (9, 'Aspecte pragmatice in programare', 10);
INSERT INTO courses.subjects (id, name, teacher_id) VALUES (10, 'Instruire asistata de calculator', 11);
INSERT INTO courses.subjects (id, name, teacher_id) VALUES (11, 'Securitate software', 12);
INSERT INTO courses.subjects (id, name, teacher_id) VALUES (12, 'Procesarea datelor audio-video', 13);
INSERT INTO courses.subjects (id, name, teacher_id) VALUES (13, 'Grafica pe calculator', 9);
INSERT INTO courses.subjects (id, name, teacher_id) VALUES (14, 'Programare pentru dispozitive mobile', 14);
INSERT INTO courses.subjects (id, name, teacher_id) VALUES (15, 'Limbaje formale si tehnici de compilare', 15);
INSERT INTO courses.subjects (id, name, teacher_id) VALUES (16, 'Metode inteligente de rezolvare a problemelor reale', 4);
INSERT INTO courses.subjects (id, name, teacher_id) VALUES (17, 'Automatizarea proceselor de business', 5);
INSERT INTO courses.subjects (id, name, teacher_id) VALUES (18, 'Programare pentru dispozitive mobile', 16);
INSERT INTO courses.subjects (id, name, teacher_id) VALUES (19, 'Realitate virtuala', 7);
INSERT INTO courses.subjects (id, name, teacher_id) VALUES (20, 'Interactiunea om-calculator', 8);
INSERT INTO courses.subjects (id, name, teacher_id) VALUES (21, 'Prelucrarea imaginilor', 9);
INSERT INTO courses.subjects (id, name, teacher_id) VALUES (22, 'Aspecte pragmatice in programare', 10);
INSERT INTO courses.subjects (id, name, teacher_id) VALUES (23, 'Instruire asistata de calculator', 11);
INSERT INTO courses.subjects (id, name, teacher_id) VALUES (24, 'Securitate software', 12);
INSERT INTO courses.subjects (id, name, teacher_id) VALUES (25, 'Procesarea datelor audio-video', 13);
INSERT INTO courses.subjects (id, name, teacher_id) VALUES (26, 'Grafica pe calculator', 9);
INSERT INTO courses.subjects (id, name, teacher_id) VALUES (27, 'Criptografie cu cheie publica', 17);
INSERT INTO courses.subjects (id, name, teacher_id) VALUES (28, 'Programare paralela si distribuita', 10);





INSERT INTO courses.courses (id, subject_id, type) VALUES (1, 14, 'Laborator');
INSERT INTO courses.courses (id, subject_id, type) VALUES (2, 1, 'Curs');
INSERT INTO courses.courses (id, subject_id, type) VALUES (3, 2, 'Curs');
INSERT INTO courses.courses (id, subject_id, type) VALUES (4, 2, 'Seminar');
INSERT INTO courses.courses (id, subject_id, type) VALUES (5, 3, 'Curs');
INSERT INTO courses.courses (id, subject_id, type) VALUES (6, 4, 'Laborator');
INSERT INTO courses.courses (id, subject_id, type) VALUES (7, 3, 'Laborator');
INSERT INTO courses.courses (id, subject_id, type) VALUES (8, 4, 'Curs');
INSERT INTO courses.courses (id, subject_id, type) VALUES (9, 2, 'Laborator');
INSERT INTO courses.courses (id, subject_id, type) VALUES (10, 5, 'Seminar');
INSERT INTO courses.courses (id, subject_id, type) VALUES (11, 1, 'Seminar');
INSERT INTO courses.courses (id, subject_id, type) VALUES (12, 5, 'Curs');
INSERT INTO courses.courses (id, subject_id, type) VALUES (13, 6, 'Curs');
INSERT INTO courses.courses (id, subject_id, type) VALUES (14, 7, 'Curs');
INSERT INTO courses.courses (id, subject_id, type) VALUES (15, 8, 'Curs');
INSERT INTO courses.courses (id, subject_id, type) VALUES (16, 1, 'Laborator');
INSERT INTO courses.courses (id, subject_id, type) VALUES (17, 9, 'Curs');
INSERT INTO courses.courses (id, subject_id, type) VALUES (18, 10, 'Curs');
INSERT INTO courses.courses (id, subject_id, type) VALUES (19, 11, 'Curs');
INSERT INTO courses.courses (id, subject_id, type) VALUES (20, 9, 'Laborator');
INSERT INTO courses.courses (id, subject_id, type) VALUES (21, 8, 'Laborator');
INSERT INTO courses.courses (id, subject_id, type) VALUES (22, 10, 'Seminar');
INSERT INTO courses.courses (id, subject_id, type) VALUES (23, 11, 'Laborator');
INSERT INTO courses.courses (id, subject_id, type) VALUES (24, 7, 'Laborator');
INSERT INTO courses.courses (id, subject_id, type) VALUES (25, 12, 'Curs');
INSERT INTO courses.courses (id, subject_id, type) VALUES (26, 13, 'Curs');
INSERT INTO courses.courses (id, subject_id, type) VALUES (27, 12, 'Laborator');
INSERT INTO courses.courses (id, subject_id, type) VALUES (28, 6, 'Laborator');
INSERT INTO courses.courses (id, subject_id, type) VALUES (29, 13, 'Laborator');
INSERT INTO courses.courses (id, subject_id, type) VALUES (30, 14, 'Curs');
INSERT INTO courses.courses (id, subject_id, type) VALUES (31, 27, 'Laborator');
INSERT INTO courses.courses (id, subject_id, type) VALUES (32, 27, 'Curs');





INSERT INTO courses.schedules (id, course_id, day, end_at, room, start_at, teacher_id) VALUES (1, 1, '1', '08:00:00', 'L339', '06:00:00', 14);
INSERT INTO courses.schedules (id, course_id, day, end_at, room, start_at, teacher_id) VALUES (2, 2, '1', '12:00:00', '6/II', '10:00:00', 2);
INSERT INTO courses.schedules (id, course_id, day, end_at, room, start_at, teacher_id) VALUES (3, 3, '1', '14:00:00', '6/II', '12:00:00', 3);
INSERT INTO courses.schedules (id, course_id, day, end_at, room, start_at, teacher_id) VALUES (4, 4, '1', '16:00:00', 'Goanga', '14:00:00', 3);
INSERT INTO courses.schedules (id, course_id, day, end_at, room, start_at, teacher_id) VALUES (5, 5, '2', '08:00:00', 'C335', '06:00:00', 4);
INSERT INTO courses.schedules (id, course_id, day, end_at, room, start_at, teacher_id) VALUES (6, 6, '2', '10:00:00', 'L338', '08:00:00', 5);
INSERT INTO courses.schedules (id, course_id, day, end_at, room, start_at, teacher_id) VALUES (7, 7, '2', '10:00:00', 'L402', '08:00:00', 4);
INSERT INTO courses.schedules (id, course_id, day, end_at, room, start_at, teacher_id) VALUES (8, 8, '2', '12:00:00', 'C335', '10:00:00', 5);
INSERT INTO courses.schedules (id, course_id, day, end_at, room, start_at, teacher_id) VALUES (9, 9, '2', '14:00:00', 'L439', '12:00:00', 18);
INSERT INTO courses.schedules (id, course_id, day, end_at, room, start_at, teacher_id) VALUES (10, 10, '2', '16:00:00', 'L002', '14:00:00', 6);
INSERT INTO courses.schedules (id, course_id, day, end_at, room, start_at, teacher_id) VALUES (11, 9, '2', '16:00:00', 'L439', '14:00:00', 18);
INSERT INTO courses.schedules (id, course_id, day, end_at, room, start_at, teacher_id) VALUES (12, 11, '3', '14:00:00', 'L001', '12:00:00', 19);
INSERT INTO courses.schedules (id, course_id, day, end_at, room, start_at, teacher_id) VALUES (13, 12, '3', '16:00:00', '7/I', '14:00:00', 6);
INSERT INTO courses.schedules (id, course_id, day, end_at, room, start_at, teacher_id) VALUES (14, 13, '4', '08:00:00', 'C310', '06:00:00', 7);
INSERT INTO courses.schedules (id, course_id, day, end_at, room, start_at, teacher_id) VALUES (15, 14, '4', '08:00:00', 'C335', '06:00:00', 8);
INSERT INTO courses.schedules (id, course_id, day, end_at, room, start_at, teacher_id) VALUES (16, 15, '4', '08:00:00', 'C510', '06:00:00', 9);
INSERT INTO courses.schedules (id, course_id, day, end_at, room, start_at, teacher_id) VALUES (17, 16, '4', '08:00:00', 'L306', '06:00:00', 20);
INSERT INTO courses.schedules (id, course_id, day, end_at, room, start_at, teacher_id) VALUES (18, 17, '4', '08:00:00', 'L534', '06:00:00', 10);
INSERT INTO courses.schedules (id, course_id, day, end_at, room, start_at, teacher_id) VALUES (19, 18, '4', '09:00:00', 'A303', '08:00:00', 11);
INSERT INTO courses.schedules (id, course_id, day, end_at, room, start_at, teacher_id) VALUES (20, 19, '4', '10:00:00', 'C335', '08:00:00', 12);
INSERT INTO courses.schedules (id, course_id, day, end_at, room, start_at, teacher_id) VALUES (21, 16, '4', '10:00:00', 'L343', '08:00:00', 20);
INSERT INTO courses.schedules (id, course_id, day, end_at, room, start_at, teacher_id) VALUES (22, 20, '4', '10:00:00', 'L439', '08:00:00', 10);
INSERT INTO courses.schedules (id, course_id, day, end_at, room, start_at, teacher_id) VALUES (23, 21, '4', '10:00:00', 'L439', '08:00:00', 9);
INSERT INTO courses.schedules (id, course_id, day, end_at, room, start_at, teacher_id) VALUES (24, 22, '4', '10:00:00', 'A303', '09:00:00', 11);
INSERT INTO courses.schedules (id, course_id, day, end_at, room, start_at, teacher_id) VALUES (25, 23, '4', '12:00:00', 'L338', '10:00:00', 21);
INSERT INTO courses.schedules (id, course_id, day, end_at, room, start_at, teacher_id) VALUES (26, 24, '4', '12:00:00', 'L439', '10:00:00', 8);
INSERT INTO courses.schedules (id, course_id, day, end_at, room, start_at, teacher_id) VALUES (27, 25, '4', '14:00:00', 'C310', '12:00:00', 13);
INSERT INTO courses.schedules (id, course_id, day, end_at, room, start_at, teacher_id) VALUES (28, 26, '4', '14:00:00', 'C335', '12:00:00', 9);
INSERT INTO courses.schedules (id, course_id, day, end_at, room, start_at, teacher_id) VALUES (29, 27, '4', '16:00:00', 'L301', '14:00:00', 13);
INSERT INTO courses.schedules (id, course_id, day, end_at, room, start_at, teacher_id) VALUES (30, 28, '4', '16:00:00', 'L320', '14:00:00', 7);
INSERT INTO courses.schedules (id, course_id, day, end_at, room, start_at, teacher_id) VALUES (31, 29, '4', '16:00:00', 'L439', '14:00:00', 9);
INSERT INTO courses.schedules (id, course_id, day, end_at, room, start_at, teacher_id) VALUES (32, 1, '5', '08:00:00', 'L302', '06:00:00', 14);
INSERT INTO courses.schedules (id, course_id, day, end_at, room, start_at, teacher_id) VALUES (33, 30, '5', '18:00:00', '2/I', '16:00:00', 14);
INSERT INTO courses.schedules (id, course_id, day, end_at, room, start_at, teacher_id) VALUES (34, 4, '1', '16:00:00', 'Goanga', '14:00:00', 3);
INSERT INTO courses.schedules (id, course_id, day, end_at, room, start_at, teacher_id) VALUES (35, 7, '2', '10:00:00', 'L402', '08:00:00', 4);
INSERT INTO courses.schedules (id, course_id, day, end_at, room, start_at, teacher_id) VALUES (36, 6, '2', '14:00:00', 'L338', '12:00:00', 5);
INSERT INTO courses.schedules (id, course_id, day, end_at, room, start_at, teacher_id) VALUES (37, 9, '2', '16:00:00', 'L343', '14:00:00', 22);
INSERT INTO courses.schedules (id, course_id, day, end_at, room, start_at, teacher_id) VALUES (38, 1, '3', '10:00:00', 'L321', '08:00:00', 23);
INSERT INTO courses.schedules (id, course_id, day, end_at, room, start_at, teacher_id) VALUES (39, 1, '3', '10:00:00', 'L321', '08:00:00', 23);
INSERT INTO courses.schedules (id, course_id, day, end_at, room, start_at, teacher_id) VALUES (40, 16, '3', '12:00:00', 'L339', '10:00:00', 24);
INSERT INTO courses.schedules (id, course_id, day, end_at, room, start_at, teacher_id) VALUES (41, 16, '3', '14:00:00', 'L302', '12:00:00', 24);
INSERT INTO courses.schedules (id, course_id, day, end_at, room, start_at, teacher_id) VALUES (42, 24, '4', '10:00:00', 'L338', '08:00:00', 8);
INSERT INTO courses.schedules (id, course_id, day, end_at, room, start_at, teacher_id) VALUES (43, 27, '4', '12:00:00', 'L306', '10:00:00', 13);
INSERT INTO courses.schedules (id, course_id, day, end_at, room, start_at, teacher_id) VALUES (44, 23, '4', '16:00:00', 'L338', '14:00:00', 25);
INSERT INTO courses.schedules (id, course_id, day, end_at, room, start_at, teacher_id) VALUES (45, 29, '4', '18:00:00', 'L336', '16:00:00', 9);
INSERT INTO courses.schedules (id, course_id, day, end_at, room, start_at, teacher_id) VALUES (46, 11, '5', '08:00:00', 'A311', '06:00:00', 19);
INSERT INTO courses.schedules (id, course_id, day, end_at, room, start_at, teacher_id) VALUES (47, 9, '5', '12:00:00', 'L306', '10:00:00', 18);
INSERT INTO courses.schedules (id, course_id, day, end_at, room, start_at, teacher_id) VALUES (48, 6, '2', '10:00:00', 'L338', '08:00:00', 5);
INSERT INTO courses.schedules (id, course_id, day, end_at, room, start_at, teacher_id) VALUES (49, 7, '2', '10:00:00', 'L402', '08:00:00', 4);
INSERT INTO courses.schedules (id, course_id, day, end_at, room, start_at, teacher_id) VALUES (50, 11, '3', '12:00:00', 'C510', '10:00:00', 19);
INSERT INTO courses.schedules (id, course_id, day, end_at, room, start_at, teacher_id) VALUES (51, 4, '3', '14:00:00', 'C512', '12:00:00', 3);
INSERT INTO courses.schedules (id, course_id, day, end_at, room, start_at, teacher_id) VALUES (52, 9, '3', '16:00:00', 'L302', '14:00:00', 22);
INSERT INTO courses.schedules (id, course_id, day, end_at, room, start_at, teacher_id) VALUES (53, 9, '3', '18:00:00', 'L321', '16:00:00', 22);
INSERT INTO courses.schedules (id, course_id, day, end_at, room, start_at, teacher_id) VALUES (54, 24, '4', '12:00:00', 'L439', '10:00:00', 8);
INSERT INTO courses.schedules (id, course_id, day, end_at, room, start_at, teacher_id) VALUES (55, 27, '4', '16:00:00', 'L301', '14:00:00', 13);
INSERT INTO courses.schedules (id, course_id, day, end_at, room, start_at, teacher_id) VALUES (56, 29, '4', '16:00:00', 'L336', '14:00:00', 9);
INSERT INTO courses.schedules (id, course_id, day, end_at, room, start_at, teacher_id) VALUES (57, 23, '4', '18:00:00', 'L338', '16:00:00', 25);
INSERT INTO courses.schedules (id, course_id, day, end_at, room, start_at, teacher_id) VALUES (58, 1, '5', '08:00:00', 'L001', '06:00:00', 23);
INSERT INTO courses.schedules (id, course_id, day, end_at, room, start_at, teacher_id) VALUES (59, 1, '5', '08:00:00', 'L001', '06:00:00', 23);
INSERT INTO courses.schedules (id, course_id, day, end_at, room, start_at, teacher_id) VALUES (60, 16, '5', '12:00:00', 'L002', '10:00:00', 26);
INSERT INTO courses.schedules (id, course_id, day, end_at, room, start_at, teacher_id) VALUES (61, 16, '5', '12:00:00', 'L339', '10:00:00', 20);
INSERT INTO courses.schedules (id, course_id, day, end_at, room, start_at, teacher_id) VALUES (62, 7, '2', '10:00:00', 'L402', '08:00:00', 4);
INSERT INTO courses.schedules (id, course_id, day, end_at, room, start_at, teacher_id) VALUES (63, 6, '2', '14:00:00', 'L338', '12:00:00', 5);
INSERT INTO courses.schedules (id, course_id, day, end_at, room, start_at, teacher_id) VALUES (64, 16, '2', '16:00:00', 'L321', '14:00:00', 19);
INSERT INTO courses.schedules (id, course_id, day, end_at, room, start_at, teacher_id) VALUES (65, 9, '2', '18:00:00', 'L001', '16:00:00', 22);
INSERT INTO courses.schedules (id, course_id, day, end_at, room, start_at, teacher_id) VALUES (66, 9, '3', '08:00:00', 'L002', '06:00:00', 22);
INSERT INTO courses.schedules (id, course_id, day, end_at, room, start_at, teacher_id) VALUES (67, 4, '3', '14:00:00', 'C512', '12:00:00', 3);
INSERT INTO courses.schedules (id, course_id, day, end_at, room, start_at, teacher_id) VALUES (68, 16, '3', '16:00:00', 'L336', '14:00:00', 19);
INSERT INTO courses.schedules (id, course_id, day, end_at, room, start_at, teacher_id) VALUES (69, 23, '4', '12:00:00', 'L338', '10:00:00', 21);
INSERT INTO courses.schedules (id, course_id, day, end_at, room, start_at, teacher_id) VALUES (70, 27, '4', '16:00:00', 'L301', '14:00:00', 13);
INSERT INTO courses.schedules (id, course_id, day, end_at, room, start_at, teacher_id) VALUES (71, 29, '4', '16:00:00', 'L336', '14:00:00', 9);
INSERT INTO courses.schedules (id, course_id, day, end_at, room, start_at, teacher_id) VALUES (72, 24, '5', '08:00:00', 'MOS-S15', '07:00:00', 8);
INSERT INTO courses.schedules (id, course_id, day, end_at, room, start_at, teacher_id) VALUES (73, 11, '5', '10:00:00', 'A313', '08:00:00', 19);
INSERT INTO courses.schedules (id, course_id, day, end_at, room, start_at, teacher_id) VALUES (74, 1, '5', '12:00:00', 'L439', '10:00:00', 23);
INSERT INTO courses.schedules (id, course_id, day, end_at, room, start_at, teacher_id) VALUES (75, 1, '5', '12:00:00', 'L439', '10:00:00', 23);
INSERT INTO courses.schedules (id, course_id, day, end_at, room, start_at, teacher_id) VALUES (76, 1, '1', '08:00:00', 'L339', '06:00:00', 14);
INSERT INTO courses.schedules (id, course_id, day, end_at, room, start_at, teacher_id) VALUES (77, 6, '2', '10:00:00', 'L338', '08:00:00', 5);
INSERT INTO courses.schedules (id, course_id, day, end_at, room, start_at, teacher_id) VALUES (78, 7, '2', '10:00:00', 'L402', '08:00:00', 4);
INSERT INTO courses.schedules (id, course_id, day, end_at, room, start_at, teacher_id) VALUES (79, 4, '3', '16:00:00', 'C512', '14:00:00', 3);
INSERT INTO courses.schedules (id, course_id, day, end_at, room, start_at, teacher_id) VALUES (80, 11, '3', '18:00:00', 'C310', '16:00:00', 19);
INSERT INTO courses.schedules (id, course_id, day, end_at, room, start_at, teacher_id) VALUES (81, 27, '4', '12:00:00', 'L306', '10:00:00', 13);
INSERT INTO courses.schedules (id, course_id, day, end_at, room, start_at, teacher_id) VALUES (82, 24, '4', '12:00:00', 'L439', '10:00:00', 8);
INSERT INTO courses.schedules (id, course_id, day, end_at, room, start_at, teacher_id) VALUES (83, 16, '4', '14:00:00', 'L302', '12:00:00', 19);
INSERT INTO courses.schedules (id, course_id, day, end_at, room, start_at, teacher_id) VALUES (84, 23, '4', '16:00:00', 'L338', '14:00:00', 25);
INSERT INTO courses.schedules (id, course_id, day, end_at, room, start_at, teacher_id) VALUES (85, 29, '4', '18:00:00', 'L336', '16:00:00', 9);
INSERT INTO courses.schedules (id, course_id, day, end_at, room, start_at, teacher_id) VALUES (86, 1, '5', '08:00:00', 'L302', '06:00:00', 14);
INSERT INTO courses.schedules (id, course_id, day, end_at, room, start_at, teacher_id) VALUES (87, 9, '5', '08:00:00', 'L306', '06:00:00', 18);
INSERT INTO courses.schedules (id, course_id, day, end_at, room, start_at, teacher_id) VALUES (88, 9, '5', '10:00:00', 'L306', '08:00:00', 18);
INSERT INTO courses.schedules (id, course_id, day, end_at, room, start_at, teacher_id) VALUES (89, 16, '5', '10:00:00', 'L336', '08:00:00', 20);
INSERT INTO courses.schedules (id, course_id, day, end_at, room, start_at, teacher_id) VALUES (90, 11, '1', '16:00:00', 'A312', '14:00:00', 19);
INSERT INTO courses.schedules (id, course_id, day, end_at, room, start_at, teacher_id) VALUES (91, 7, '2', '10:00:00', 'L402', '08:00:00', 4);
INSERT INTO courses.schedules (id, course_id, day, end_at, room, start_at, teacher_id) VALUES (92, 6, '2', '14:00:00', 'L338', '12:00:00', 5);
INSERT INTO courses.schedules (id, course_id, day, end_at, room, start_at, teacher_id) VALUES (93, 1, '3', '12:00:00', 'L001', '10:00:00', 23);
INSERT INTO courses.schedules (id, course_id, day, end_at, room, start_at, teacher_id) VALUES (94, 1, '3', '12:00:00', 'L001', '10:00:00', 23);
INSERT INTO courses.schedules (id, course_id, day, end_at, room, start_at, teacher_id) VALUES (95, 9, '3', '14:00:00', 'L002', '12:00:00', 22);
INSERT INTO courses.schedules (id, course_id, day, end_at, room, start_at, teacher_id) VALUES (96, 4, '3', '16:00:00', 'C512', '14:00:00', 3);
INSERT INTO courses.schedules (id, course_id, day, end_at, room, start_at, teacher_id) VALUES (97, 27, '4', '12:00:00', 'L306', '10:00:00', 13);
INSERT INTO courses.schedules (id, course_id, day, end_at, room, start_at, teacher_id) VALUES (98, 16, '4', '12:00:00', 'L343', '10:00:00', 19);
INSERT INTO courses.schedules (id, course_id, day, end_at, room, start_at, teacher_id) VALUES (99, 29, '4', '16:00:00', 'L439', '14:00:00', 9);
INSERT INTO courses.schedules (id, course_id, day, end_at, room, start_at, teacher_id) VALUES (100, 23, '4', '18:00:00', 'L338', '16:00:00', 25);
INSERT INTO courses.schedules (id, course_id, day, end_at, room, start_at, teacher_id) VALUES (101, 24, '5', '08:00:00', 'MOS-S15', '07:00:00', 8);
INSERT INTO courses.schedules (id, course_id, day, end_at, room, start_at, teacher_id) VALUES (102, 9, '5', '14:00:00', 'L306', '12:00:00', 18);
INSERT INTO courses.schedules (id, course_id, day, end_at, room, start_at, teacher_id) VALUES (103, 16, '5', '14:00:00', 'L307', '12:00:00', 26);
INSERT INTO courses.schedules (id, course_id, day, end_at, room, start_at, teacher_id) VALUES (104, 11, '1', '18:00:00', '6/II', '16:00:00', 19);
INSERT INTO courses.schedules (id, course_id, day, end_at, room, start_at, teacher_id) VALUES (105, 6, '2', '10:00:00', 'L338', '08:00:00', 5);
INSERT INTO courses.schedules (id, course_id, day, end_at, room, start_at, teacher_id) VALUES (106, 7, '2', '10:00:00', 'L402', '08:00:00', 4);
INSERT INTO courses.schedules (id, course_id, day, end_at, room, start_at, teacher_id) VALUES (107, 9, '2', '14:00:00', 'L321', '12:00:00', 22);
INSERT INTO courses.schedules (id, course_id, day, end_at, room, start_at, teacher_id) VALUES (108, 9, '3', '12:00:00', 'L402', '10:00:00', 22);
INSERT INTO courses.schedules (id, course_id, day, end_at, room, start_at, teacher_id) VALUES (109, 4, '3', '18:00:00', 'C512', '16:00:00', 3);
INSERT INTO courses.schedules (id, course_id, day, end_at, room, start_at, teacher_id) VALUES (110, 16, '4', '10:00:00', 'L002', '08:00:00', 19);
INSERT INTO courses.schedules (id, course_id, day, end_at, room, start_at, teacher_id) VALUES (111, 24, '4', '12:00:00', 'L439', '10:00:00', 8);
INSERT INTO courses.schedules (id, course_id, day, end_at, room, start_at, teacher_id) VALUES (112, 27, '4', '16:00:00', 'L301', '14:00:00', 13);
INSERT INTO courses.schedules (id, course_id, day, end_at, room, start_at, teacher_id) VALUES (113, 29, '4', '16:00:00', 'L439', '14:00:00', 9);
INSERT INTO courses.schedules (id, course_id, day, end_at, room, start_at, teacher_id) VALUES (114, 23, '4', '18:00:00', 'L338', '16:00:00', 25);
INSERT INTO courses.schedules (id, course_id, day, end_at, room, start_at, teacher_id) VALUES (115, 16, '5', '08:00:00', 'L002', '06:00:00', 26);
INSERT INTO courses.schedules (id, course_id, day, end_at, room, start_at, teacher_id) VALUES (116, 1, '5', '10:00:00', 'L001', '08:00:00', 23);
INSERT INTO courses.schedules (id, course_id, day, end_at, room, start_at, teacher_id) VALUES (117, 1, '5', '10:00:00', 'L001', '08:00:00', 23);
INSERT INTO courses.schedules (id, course_id, day, end_at, room, start_at, teacher_id) VALUES (118, 11, '1', '08:00:00', 'A312', '06:00:00', 27);
INSERT INTO courses.schedules (id, course_id, day, end_at, room, start_at, teacher_id) VALUES (119, 2, '1', '10:00:00', '2/I', '08:00:00', 15);
INSERT INTO courses.schedules (id, course_id, day, end_at, room, start_at, teacher_id) VALUES (120, 5, '2', '08:00:00', 'C335', '06:00:00', 4);
INSERT INTO courses.schedules (id, course_id, day, end_at, room, start_at, teacher_id) VALUES (121, 6, '2', '10:00:00', 'L338', '08:00:00', 5);
INSERT INTO courses.schedules (id, course_id, day, end_at, room, start_at, teacher_id) VALUES (122, 8, '2', '12:00:00', 'C335', '10:00:00', 5);
INSERT INTO courses.schedules (id, course_id, day, end_at, room, start_at, teacher_id) VALUES (123, 7, '2', '12:00:00', 'L402', '10:00:00', 4);
INSERT INTO courses.schedules (id, course_id, day, end_at, room, start_at, teacher_id) VALUES (124, 16, '3', '08:00:00', 'L320', '06:00:00', 8);
INSERT INTO courses.schedules (id, course_id, day, end_at, room, start_at, teacher_id) VALUES (125, 1, '3', '08:00:00', 'L338', '06:00:00', 16);
INSERT INTO courses.schedules (id, course_id, day, end_at, room, start_at, teacher_id) VALUES (126, 16, '3', '10:00:00', 'L320', '08:00:00', 8);
INSERT INTO courses.schedules (id, course_id, day, end_at, room, start_at, teacher_id) VALUES (127, 1, '3', '10:00:00', 'L439', '08:00:00', 16);
INSERT INTO courses.schedules (id, course_id, day, end_at, room, start_at, teacher_id) VALUES (128, 30, '3', '14:00:00', 'C335', '12:00:00', 16);
INSERT INTO courses.schedules (id, course_id, day, end_at, room, start_at, teacher_id) VALUES (129, 13, '4', '08:00:00', 'C310', '06:00:00', 7);
INSERT INTO courses.schedules (id, course_id, day, end_at, room, start_at, teacher_id) VALUES (130, 14, '4', '08:00:00', 'C335', '06:00:00', 8);
INSERT INTO courses.schedules (id, course_id, day, end_at, room, start_at, teacher_id) VALUES (131, 15, '4', '08:00:00', 'C510', '06:00:00', 9);
INSERT INTO courses.schedules (id, course_id, day, end_at, room, start_at, teacher_id) VALUES (132, 23, '4', '08:00:00', 'L338', '06:00:00', 21);
INSERT INTO courses.schedules (id, course_id, day, end_at, room, start_at, teacher_id) VALUES (133, 17, '4', '08:00:00', 'L534', '06:00:00', 10);
INSERT INTO courses.schedules (id, course_id, day, end_at, room, start_at, teacher_id) VALUES (134, 18, '4', '09:00:00', 'A303', '08:00:00', 11);
INSERT INTO courses.schedules (id, course_id, day, end_at, room, start_at, teacher_id) VALUES (135, 19, '4', '10:00:00', 'C335', '08:00:00', 12);
INSERT INTO courses.schedules (id, course_id, day, end_at, room, start_at, teacher_id) VALUES (136, 20, '4', '10:00:00', 'L001', '08:00:00', 10);
INSERT INTO courses.schedules (id, course_id, day, end_at, room, start_at, teacher_id) VALUES (137, 28, '4', '10:00:00', 'L336', '08:00:00', 7);
INSERT INTO courses.schedules (id, course_id, day, end_at, room, start_at, teacher_id) VALUES (138, 24, '4', '10:00:00', 'L338', '08:00:00', 8);
INSERT INTO courses.schedules (id, course_id, day, end_at, room, start_at, teacher_id) VALUES (139, 21, '4', '10:00:00', 'L439', '08:00:00', 9);
INSERT INTO courses.schedules (id, course_id, day, end_at, room, start_at, teacher_id) VALUES (140, 22, '4', '10:00:00', 'A303', '09:00:00', 11);
INSERT INTO courses.schedules (id, course_id, day, end_at, room, start_at, teacher_id) VALUES (141, 27, '4', '12:00:00', 'L306', '10:00:00', 13);
INSERT INTO courses.schedules (id, course_id, day, end_at, room, start_at, teacher_id) VALUES (142, 25, '4', '14:00:00', 'C310', '12:00:00', 13);
INSERT INTO courses.schedules (id, course_id, day, end_at, room, start_at, teacher_id) VALUES (143, 26, '4', '14:00:00', 'C335', '12:00:00', 9);
INSERT INTO courses.schedules (id, course_id, day, end_at, room, start_at, teacher_id) VALUES (144, 31, '4', '14:00:00', 'L338', '12:00:00', 28);
INSERT INTO courses.schedules (id, course_id, day, end_at, room, start_at, teacher_id) VALUES (145, 32, '4', '16:00:00', 'C335', '14:00:00', 17);
INSERT INTO courses.schedules (id, course_id, day, end_at, room, start_at, teacher_id) VALUES (146, 29, '4', '18:00:00', 'L336', '16:00:00', 9);
INSERT INTO courses.schedules (id, course_id, day, end_at, room, start_at, teacher_id) VALUES (147, 3, '5', '08:00:00', 'C335', '06:00:00', 10);
INSERT INTO courses.schedules (id, course_id, day, end_at, room, start_at, teacher_id) VALUES (148, 4, '5', '10:00:00', 'L534', '08:00:00', 10);
INSERT INTO courses.schedules (id, course_id, day, end_at, room, start_at, teacher_id) VALUES (149, 9, '5', '12:00:00', 'L308', '10:00:00', 29);
INSERT INTO courses.schedules (id, course_id, day, end_at, room, start_at, teacher_id) VALUES (150, 9, '5', '16:00:00', 'L308', '14:00:00', 29);
INSERT INTO courses.schedules (id, course_id, day, end_at, room, start_at, teacher_id) VALUES (151, 11, '2', '10:00:00', 'C512', '08:00:00', 30);
INSERT INTO courses.schedules (id, course_id, day, end_at, room, start_at, teacher_id) VALUES (152, 6, '2', '14:00:00', 'L338', '12:00:00', 5);
INSERT INTO courses.schedules (id, course_id, day, end_at, room, start_at, teacher_id) VALUES (153, 1, '3', '08:00:00', 'L338', '06:00:00', 16);
INSERT INTO courses.schedules (id, course_id, day, end_at, room, start_at, teacher_id) VALUES (154, 1, '3', '10:00:00', 'L439', '08:00:00', 16);
INSERT INTO courses.schedules (id, course_id, day, end_at, room, start_at, teacher_id) VALUES (155, 27, '4', '10:00:00', 'L001', '08:00:00', 13);
INSERT INTO courses.schedules (id, course_id, day, end_at, room, start_at, teacher_id) VALUES (156, 28, '4', '12:00:00', 'L302', '10:00:00', 7);
INSERT INTO courses.schedules (id, course_id, day, end_at, room, start_at, teacher_id) VALUES (157, 31, '4', '14:00:00', 'L338', '12:00:00', 28);
INSERT INTO courses.schedules (id, course_id, day, end_at, room, start_at, teacher_id) VALUES (158, 4, '5', '10:00:00', 'L534', '08:00:00', 10);
INSERT INTO courses.schedules (id, course_id, day, end_at, room, start_at, teacher_id) VALUES (159, 16, '5', '12:00:00', 'L336', '10:00:00', 8);
INSERT INTO courses.schedules (id, course_id, day, end_at, room, start_at, teacher_id) VALUES (160, 9, '5', '14:00:00', 'L308', '12:00:00', 29);
INSERT INTO courses.schedules (id, course_id, day, end_at, room, start_at, teacher_id) VALUES (161, 16, '5', '14:00:00', 'L339', '12:00:00', 8);
INSERT INTO courses.schedules (id, course_id, day, end_at, room, start_at, teacher_id) VALUES (162, 9, '5', '18:00:00', 'L002', '16:00:00', 29);
INSERT INTO courses.schedules (id, course_id, day, end_at, room, start_at, teacher_id) VALUES (163, 6, '2', '10:00:00', 'L338', '08:00:00', 5);
INSERT INTO courses.schedules (id, course_id, day, end_at, room, start_at, teacher_id) VALUES (164, 11, '2', '14:00:00', 'C514', '12:00:00', 30);
INSERT INTO courses.schedules (id, course_id, day, end_at, room, start_at, teacher_id) VALUES (165, 9, '3', '10:00:00', 'L002', '08:00:00', 31);
INSERT INTO courses.schedules (id, course_id, day, end_at, room, start_at, teacher_id) VALUES (166, 16, '3', '12:00:00', 'L336', '10:00:00', 27);
INSERT INTO courses.schedules (id, course_id, day, end_at, room, start_at, teacher_id) VALUES (167, 1, '3', '16:00:00', 'L402', '14:00:00', 16);
INSERT INTO courses.schedules (id, course_id, day, end_at, room, start_at, teacher_id) VALUES (168, 1, '3', '16:00:00', 'L402', '14:00:00', 16);
INSERT INTO courses.schedules (id, course_id, day, end_at, room, start_at, teacher_id) VALUES (169, 16, '3', '18:00:00', 'L002', '16:00:00', 32);
INSERT INTO courses.schedules (id, course_id, day, end_at, room, start_at, teacher_id) VALUES (170, 28, '4', '10:00:00', 'L336', '08:00:00', 7);
INSERT INTO courses.schedules (id, course_id, day, end_at, room, start_at, teacher_id) VALUES (171, 27, '4', '12:00:00', 'L306', '10:00:00', 13);
INSERT INTO courses.schedules (id, course_id, day, end_at, room, start_at, teacher_id) VALUES (172, 31, '4', '18:00:00', 'L336', '16:00:00', 28);
INSERT INTO courses.schedules (id, course_id, day, end_at, room, start_at, teacher_id) VALUES (173, 4, '5', '12:00:00', 'L001', '10:00:00', 10);
INSERT INTO courses.schedules (id, course_id, day, end_at, room, start_at, teacher_id) VALUES (174, 9, '5', '18:00:00', 'L308', '16:00:00', 33);
INSERT INTO courses.schedules (id, course_id, day, end_at, room, start_at, teacher_id) VALUES (175, 9, '2', '10:00:00', 'L002', '08:00:00', 31);
INSERT INTO courses.schedules (id, course_id, day, end_at, room, start_at, teacher_id) VALUES (176, 6, '2', '14:00:00', 'L338', '12:00:00', 5);
INSERT INTO courses.schedules (id, course_id, day, end_at, room, start_at, teacher_id) VALUES (177, 9, '2', '16:00:00', 'L308', '14:00:00', 31);
INSERT INTO courses.schedules (id, course_id, day, end_at, room, start_at, teacher_id) VALUES (178, 11, '3', '08:00:00', 'A321', '06:00:00', 27);
INSERT INTO courses.schedules (id, course_id, day, end_at, room, start_at, teacher_id) VALUES (179, 4, '3', '10:00:00', 'A311', '08:00:00', 10);
INSERT INTO courses.schedules (id, course_id, day, end_at, room, start_at, teacher_id) VALUES (180, 16, '3', '16:00:00', 'L306', '14:00:00', 32);
INSERT INTO courses.schedules (id, course_id, day, end_at, room, start_at, teacher_id) VALUES (181, 16, '3', '16:00:00', 'L321', '14:00:00', 34);
INSERT INTO courses.schedules (id, course_id, day, end_at, room, start_at, teacher_id) VALUES (182, 1, '3', '18:00:00', 'L343', '16:00:00', 16);
INSERT INTO courses.schedules (id, course_id, day, end_at, room, start_at, teacher_id) VALUES (183, 1, '3', '18:00:00', 'L343', '16:00:00', 16);
INSERT INTO courses.schedules (id, course_id, day, end_at, room, start_at, teacher_id) VALUES (184, 27, '4', '10:00:00', 'L001', '08:00:00', 13);
INSERT INTO courses.schedules (id, course_id, day, end_at, room, start_at, teacher_id) VALUES (185, 28, '4', '12:00:00', 'L302', '10:00:00', 7);
INSERT INTO courses.schedules (id, course_id, day, end_at, room, start_at, teacher_id) VALUES (186, 31, '4', '14:00:00', 'L338', '12:00:00', 28);
INSERT INTO courses.schedules (id, course_id, day, end_at, room, start_at, teacher_id) VALUES (187, 11, '1', '14:00:00', 'C514', '12:00:00', 30);
INSERT INTO courses.schedules (id, course_id, day, end_at, room, start_at, teacher_id) VALUES (188, 6, '2', '10:00:00', 'L338', '08:00:00', 5);
INSERT INTO courses.schedules (id, course_id, day, end_at, room, start_at, teacher_id) VALUES (189, 9, '2', '14:00:00', 'L002', '12:00:00', 31);
INSERT INTO courses.schedules (id, course_id, day, end_at, room, start_at, teacher_id) VALUES (190, 16, '2', '16:00:00', 'L302', '14:00:00', 15);
INSERT INTO courses.schedules (id, course_id, day, end_at, room, start_at, teacher_id) VALUES (191, 9, '2', '18:00:00', 'L439', '16:00:00', 31);
INSERT INTO courses.schedules (id, course_id, day, end_at, room, start_at, teacher_id) VALUES (192, 4, '3', '10:00:00', 'A311', '08:00:00', 10);
INSERT INTO courses.schedules (id, course_id, day, end_at, room, start_at, teacher_id) VALUES (193, 1, '3', '18:00:00', 'L336', '16:00:00', 35);
INSERT INTO courses.schedules (id, course_id, day, end_at, room, start_at, teacher_id) VALUES (194, 1, '3', '18:00:00', 'L336', '16:00:00', 35);
INSERT INTO courses.schedules (id, course_id, day, end_at, room, start_at, teacher_id) VALUES (195, 27, '4', '10:00:00', 'L001', '08:00:00', 13);
INSERT INTO courses.schedules (id, course_id, day, end_at, room, start_at, teacher_id) VALUES (196, 28, '4', '10:00:00', 'L336', '08:00:00', 7);
INSERT INTO courses.schedules (id, course_id, day, end_at, room, start_at, teacher_id) VALUES (197, 16, '4', '12:00:00', 'L534', '10:00:00', 30);
INSERT INTO courses.schedules (id, course_id, day, end_at, room, start_at, teacher_id) VALUES (198, 31, '4', '18:00:00', 'L001', '16:00:00', 28);
INSERT INTO courses.schedules (id, course_id, day, end_at, room, start_at, teacher_id) VALUES (199, 1, '1', '16:00:00', 'L439', '14:00:00', 36);
INSERT INTO courses.schedules (id, course_id, day, end_at, room, start_at, teacher_id) VALUES (200, 1, '1', '16:00:00', 'L439', '14:00:00', 36);
INSERT INTO courses.schedules (id, course_id, day, end_at, room, start_at, teacher_id) VALUES (201, 31, '1', '18:00:00', 'L336', '16:00:00', 28);
INSERT INTO courses.schedules (id, course_id, day, end_at, room, start_at, teacher_id) VALUES (202, 16, '2', '10:00:00', 'L336', '08:00:00', 27);
INSERT INTO courses.schedules (id, course_id, day, end_at, room, start_at, teacher_id) VALUES (203, 6, '2', '14:00:00', 'L338', '12:00:00', 5);
INSERT INTO courses.schedules (id, course_id, day, end_at, room, start_at, teacher_id) VALUES (204, 16, '2', '18:00:00', 'L339', '16:00:00', 15);
INSERT INTO courses.schedules (id, course_id, day, end_at, room, start_at, teacher_id) VALUES (205, 4, '3', '08:00:00', 'A311', '06:00:00', 10);
INSERT INTO courses.schedules (id, course_id, day, end_at, room, start_at, teacher_id) VALUES (206, 11, '3', '10:00:00', 'A321', '08:00:00', 27);
INSERT INTO courses.schedules (id, course_id, day, end_at, room, start_at, teacher_id) VALUES (207, 9, '3', '18:00:00', 'L534', '16:00:00', 31);
INSERT INTO courses.schedules (id, course_id, day, end_at, room, start_at, teacher_id) VALUES (208, 28, '4', '10:00:00', 'L336', '08:00:00', 7);
INSERT INTO courses.schedules (id, course_id, day, end_at, room, start_at, teacher_id) VALUES (209, 27, '4', '12:00:00', 'L306', '10:00:00', 13);
INSERT INTO courses.schedules (id, course_id, day, end_at, room, start_at, teacher_id) VALUES (210, 9, '5', '16:00:00', 'L339', '14:00:00', 33);
INSERT INTO courses.schedules (id, course_id, day, end_at, room, start_at, teacher_id) VALUES (211, 1, '1', '18:00:00', 'L306', '16:00:00', 36);
INSERT INTO courses.schedules (id, course_id, day, end_at, room, start_at, teacher_id) VALUES (212, 1, '1', '18:00:00', 'L336', '16:00:00', 36);
INSERT INTO courses.schedules (id, course_id, day, end_at, room, start_at, teacher_id) VALUES (213, 6, '2', '10:00:00', 'L338', '08:00:00', 5);
INSERT INTO courses.schedules (id, course_id, day, end_at, room, start_at, teacher_id) VALUES (214, 16, '2', '12:00:00', 'L301', '10:00:00', 30);
INSERT INTO courses.schedules (id, course_id, day, end_at, room, start_at, teacher_id) VALUES (215, 11, '3', '10:00:00', 'C510', '08:00:00', 30);
INSERT INTO courses.schedules (id, course_id, day, end_at, room, start_at, teacher_id) VALUES (216, 9, '3', '12:00:00', 'L002', '10:00:00', 31);
INSERT INTO courses.schedules (id, course_id, day, end_at, room, start_at, teacher_id) VALUES (217, 9, '3', '16:00:00', 'L002', '14:00:00', 31);
INSERT INTO courses.schedules (id, course_id, day, end_at, room, start_at, teacher_id) VALUES (218, 27, '4', '10:00:00', 'L001', '08:00:00', 13);
INSERT INTO courses.schedules (id, course_id, day, end_at, room, start_at, teacher_id) VALUES (219, 28, '4', '12:00:00', 'L302', '10:00:00', 7);
INSERT INTO courses.schedules (id, course_id, day, end_at, room, start_at, teacher_id) VALUES (220, 16, '4', '14:00:00', 'L301', '12:00:00', 30);
INSERT INTO courses.schedules (id, course_id, day, end_at, room, start_at, teacher_id) VALUES (221, 31, '4', '18:00:00', 'L336', '16:00:00', 28);
INSERT INTO courses.schedules (id, course_id, day, end_at, room, start_at, teacher_id) VALUES (222, 4, '5', '12:00:00', 'L001', '10:00:00', 10);
